{"cameraMode":{"drawMode":0,"name":"Shaded","section":"Shading Mode"},"sceneLighting":false,"audioPlay":false,"sceneViewState":{"showFog":true,"showMaterialUpdate":false,"showSkybox":false,"showFlares":true,"showImageEffects":true,"showParticleSystems":true},"in2DMode":false,"pivot":{"x":-9.165664672851563,"y":1.0223203897476197,"z":-12.204267501831055},"rotation":{"x":-0.0996379554271698,"y":0.5502864122390747,"z":-0.06855840981006623,"w":-0.8263064026832581},"size":0.70540452003479,"orthographic":false}