{"cameraMode":{"drawMode":0,"name":"Shaded","section":"Shading Mode"},"sceneLighting":true,"audioPlay":false,"sceneViewState":{"showFog":true,"showMaterialUpdate":false,"showSkybox":true,"showFlares":true,"showImageEffects":true,"showParticleSystems":true},"in2DMode":false,"pivot":{"x":56.8816032409668,"y":367.92529296875,"z":218.30836486816407},"rotation":{"x":-0.040718261152505878,"y":0.062010765075683597,"z":-0.0025805567856878044,"w":-0.9972687363624573},"size":1099.4354248046875,"orthographic":false}