{"cameraMode":{"drawMode":0,"name":"Shaded","section":"Shading Mode"},"sceneLighting":false,"audioPlay":false,"sceneViewState":{"showFog":true,"showMaterialUpdate":false,"showSkybox":false,"showFlares":true,"showImageEffects":true,"showParticleSystems":true},"in2DMode":false,"pivot":{"x":505.78790283203127,"y":269.2510986328125,"z":0.0},"rotation":{"x":-0.040718261152505878,"y":0.062010765075683597,"z":-0.0025805567856878044,"w":-0.9972687363624573},"size":1925.518310546875,"orthographic":false}