{"cameraMode":{"drawMode":0,"name":"Shaded","section":"Shading Mode"},"sceneLighting":false,"audioPlay":false,"sceneViewState":{"showFog":false,"showMaterialUpdate":false,"showSkybox":false,"showFlares":false,"showImageEffects":false,"showParticleSystems":false},"in2DMode":false,"pivot":{"x":-3.1405744552612306,"y":2.8003628253936769,"z":0.6486861705780029},"rotation":{"x":0.25305813550949099,"y":0.1318545639514923,"z":-0.034854695200920108,"w":0.9577897191047669},"size":6.193734645843506,"orthographic":false}