{"cameraMode":{"drawMode":0,"name":"Shaded","section":"Shading Mode"},"sceneLighting":true,"audioPlay":false,"sceneViewState":{"showFog":false,"showMaterialUpdate":false,"showSkybox":false,"showFlares":false,"showImageEffects":false,"showParticleSystems":false},"in2DMode":false,"pivot":{"x":-18.3062744140625,"y":9.643019676208496,"z":-31.02233123779297},"rotation":{"x":-0.09701928496360779,"y":0.8036950826644898,"z":-0.1365615874528885,"w":-0.5709777474403381},"size":11.559208869934082,"orthographic":false}