{"cameraMode":{"drawMode":0,"name":"Shaded","section":"Shading Mode"},"sceneLighting":false,"audioPlay":false,"sceneViewState":{"showFog":false,"showMaterialUpdate":false,"showSkybox":false,"showFlares":false,"showImageEffects":false,"showParticleSystems":false},"in2DMode":false,"pivot":{"x":-9.165664672851563,"y":1.0223203897476197,"z":-12.204267501831055},"rotation":{"x":-0.18587031960487367,"y":-0.8135709762573242,"z":0.37244129180908205,"w":-0.40601834654808047},"size":0.70540452003479,"orthographic":false}