{"cameraMode":{"drawMode":0,"name":"Shaded","section":"Shading Mode"},"sceneLighting":false,"audioPlay":false,"sceneViewState":{"showFog":false,"showMaterialUpdate":false,"showSkybox":false,"showFlares":false,"showImageEffects":false,"showParticleSystems":false},"in2DMode":false,"pivot":{"x":-0.002434253692626953,"y":0.008931875228881836,"z":0.0014929771423339844},"rotation":{"x":-0.10243076086044312,"y":-0.780104398727417,"z":0.132551908493042,"w":-0.6028133034706116},"size":0.6161774396896362,"orthographic":false}