{"cameraMode":{"drawMode":0,"name":"Shaded","section":"Shading Mode"},"sceneLighting":false,"audioPlay":false,"sceneViewState":{"showFog":false,"showMaterialUpdate":false,"showSkybox":false,"showFlares":false,"showImageEffects":false,"showParticleSystems":false},"in2DMode":false,"pivot":{"x":-14.325798034667969,"y":9.952327728271485,"z":-4.717140197753906},"rotation":{"x":-0.1618754118680954,"y":0.11985849589109421,"z":-0.019812380895018579,"w":-0.979330837726593},"size":2.8578836917877199,"orthographic":false}