{"cameraMode":{"drawMode":0,"name":"Shaded","section":"Shading Mode"},"sceneLighting":true,"audioPlay":false,"sceneViewState":{"showFog":false,"showMaterialUpdate":false,"showSkybox":false,"showFlares":false,"showImageEffects":false,"showParticleSystems":false},"in2DMode":false,"pivot":{"x":-32.21592712402344,"y":-2.7305541038513185,"z":0.39272308349609377},"rotation":{"x":-0.18121153116226197,"y":0.332416832447052,"z":-0.06524479389190674,"w":-0.9232606887817383},"size":25.89067840576172,"orthographic":false}