{"cameraMode":{"drawMode":0,"name":"Shaded","section":"Shading Mode"},"sceneLighting":true,"audioPlay":false,"sceneViewState":{"showFog":false,"showMaterialUpdate":false,"showSkybox":false,"showFlares":false,"showImageEffects":false,"showParticleSystems":false},"in2DMode":false,"pivot":{"x":-4.624466896057129,"y":1.7943310737609864,"z":-4.615093231201172},"rotation":{"x":-0.09874632954597473,"y":0.0897180512547493,"z":-0.008939454331994057,"w":-0.991045355796814},"size":36.634910583496097,"orthographic":false}