{"cameraMode":{"drawMode":0,"name":"Shaded","section":"Shading Mode"},"sceneLighting":true,"audioPlay":false,"sceneViewState":{"showFog":false,"showMaterialUpdate":false,"showSkybox":false,"showFlares":false,"showImageEffects":false,"showParticleSystems":false},"in2DMode":false,"pivot":{"x":-17.872060775756837,"y":5.943536758422852,"z":-6.02403450012207},"rotation":{"x":-0.1618754118680954,"y":0.11985849589109421,"z":-0.019812380895018579,"w":-0.979330837726593},"size":30.331703186035158,"orthographic":false}