{"cameraMode":{"drawMode":0,"name":"Shaded","section":"Shading Mode"},"sceneLighting":true,"audioPlay":false,"sceneViewState":{"showFog":false,"showMaterialUpdate":false,"showSkybox":false,"showFlares":false,"showImageEffects":false,"showParticleSystems":false},"in2DMode":false,"pivot":{"x":-16.66501808166504,"y":13.166983604431153,"z":-22.75461196899414},"rotation":{"x":-0.3081602454185486,"y":0.05587887763977051,"z":-0.01814228668808937,"w":-0.9495466947555542},"size":11.421854972839356,"orthographic":false}