{"cameraMode":{"drawMode":0,"name":"Shaded","section":"Shading Mode"},"sceneLighting":false,"audioPlay":false,"sceneViewState":{"showFog":false,"showMaterialUpdate":false,"showSkybox":false,"showFlares":false,"showImageEffects":false,"showParticleSystems":false},"in2DMode":false,"pivot":{"x":-18.009912490844728,"y":1.852670669555664,"z":-13.145939826965332},"rotation":{"x":-0.1272747963666916,"y":0.5689578652381897,"z":-0.08964820206165314,"w":-0.8075227737426758},"size":2.372857093811035,"orthographic":false}