{"cameraMode":{"drawMode":0,"name":"Shaded","section":"Shading Mode"},"sceneLighting":true,"audioPlay":false,"sceneViewState":{"showFog":false,"showMaterialUpdate":false,"showSkybox":false,"showFlares":false,"showImageEffects":false,"showParticleSystems":false},"in2DMode":false,"pivot":{"x":-14.325798034667969,"y":9.952327728271485,"z":-4.717140197753906},"rotation":{"x":-0.09874632954597473,"y":0.0897180512547493,"z":-0.008939454331994057,"w":-0.991045355796814},"size":31.3951473236084,"orthographic":false}