{"cameraMode":{"drawMode":0,"name":"Shaded","section":"Shading Mode"},"sceneLighting":false,"audioPlay":false,"sceneViewState":{"showFog":false,"showMaterialUpdate":false,"showSkybox":false,"showFlares":false,"showImageEffects":false,"showParticleSystems":false},"in2DMode":false,"pivot":{"x":-14.325798034667969,"y":9.952327728271485,"z":-4.717140197753906},"rotation":{"x":-0.3081602454185486,"y":0.05587887763977051,"z":-0.01814228668808937,"w":-0.9495466947555542},"size":2.8578836917877199,"orthographic":false}