{"cameraMode":{"drawMode":0,"name":"Shaded","section":"Shading Mode"},"sceneLighting":true,"audioPlay":false,"sceneViewState":{"showFog":false,"showMaterialUpdate":false,"showSkybox":false,"showFlares":false,"showImageEffects":false,"showParticleSystems":false},"in2DMode":false,"pivot":{"x":-9.926241874694825,"y":1.3493272066116334,"z":-9.752066612243653},"rotation":{"x":-0.1164165809750557,"y":0.18683217465877534,"z":-0.022307561710476877,"w":-0.9752416014671326},"size":27.389923095703126,"orthographic":false}