{"cameraMode":{"drawMode":0,"name":"Shaded","section":"Shading Mode"},"sceneLighting":false,"audioPlay":false,"sceneViewState":{"showFog":false,"showMaterialUpdate":false,"showSkybox":false,"showFlares":false,"showImageEffects":false,"showParticleSystems":false},"in2DMode":false,"pivot":{"x":-26.236522674560548,"y":3.4764366149902345,"z":-5.2861762046813969},"rotation":{"x":-0.1838393658399582,"y":0.7656756043434143,"z":-0.24975283443927766,"w":-0.5635694861412048},"size":41.95848083496094,"orthographic":false}