{"cameraMode":{"drawMode":0,"name":"Shaded","section":"Shading Mode"},"sceneLighting":true,"audioPlay":false,"sceneViewState":{"showFog":false,"showMaterialUpdate":false,"showSkybox":false,"showFlares":false,"showImageEffects":false,"showParticleSystems":false},"in2DMode":false,"pivot":{"x":-17.961685180664064,"y":1.5372519493103028,"z":-7.102442264556885},"rotation":{"x":-0.1546471118927002,"y":0.44584453105926516,"z":-0.07850786298513413,"w":-0.8781760931015015},"size":24.563077926635743,"orthographic":false}