{"cameraMode":{"drawMode":0,"name":"Shaded","section":"Shading Mode"},"sceneLighting":false,"audioPlay":false,"sceneViewState":{"showFog":false,"showMaterialUpdate":false,"showSkybox":false,"showFlares":false,"showImageEffects":false,"showParticleSystems":false},"in2DMode":false,"pivot":{"x":-9.111258506774903,"y":1.0150260925292969,"z":-12.113612174987793},"rotation":{"x":-0.10243076086044312,"y":-0.780104398727417,"z":0.132551908493042,"w":-0.6028133034706116},"size":1.0054044723510743,"orthographic":false}