{"cameraMode":{"drawMode":0,"name":"Shaded","section":"Shading Mode"},"sceneLighting":true,"audioPlay":false,"sceneViewState":{"showFog":false,"showMaterialUpdate":false,"showSkybox":false,"showFlares":false,"showImageEffects":false,"showParticleSystems":false},"in2DMode":false,"pivot":{"x":-35.82013702392578,"y":-7.062896728515625,"z":0.11361503601074219},"rotation":{"x":-0.12898372113704682,"y":0.5642089247703552,"z":-0.08978430181741715,"w":-0.8105400800704956},"size":38.343666076660159,"orthographic":false}