{"cameraMode":{"drawMode":0,"name":"Shaded","section":"Shading Mode"},"sceneLighting":false,"audioPlay":false,"sceneViewState":{"showFog":false,"showMaterialUpdate":false,"showSkybox":false,"showFlares":false,"showImageEffects":false,"showParticleSystems":false},"in2DMode":false,"pivot":{"x":-0.5021495819091797,"y":1.3522019386291505,"z":-0.0460667610168457},"rotation":{"x":-0.09874632954597473,"y":0.0897180512547493,"z":-0.008939454331994057,"w":-0.991045355796814},"size":22.0,"orthographic":false}